v1300,,,,,,,,,,,,,,,,,,,,,,,,,,
商品ID,バリエーションID,削除設定 ※削除の場合のみ入力,カテゴリーID,【必須】商品名 ※49文字,商品名（レシート用） ※49文字 ・未設定の場合は商品名が印字されます。,商品名（商品入力用） ※49文字 ・未設定の場合は商品名が印字されます。,バリエーション（種別1） ※32文字,バリエーション（種別2） ※32文字,税設定 ※「外税」「内税」のいずれかを入力,適用税率 ※「標準税率」「軽減税率」「注文時に選択」「非課税」のいずれかを入力,税率別価格 ※適用税率が「注文時に選択」で税設定が「内税」の場合に「統一した価格を設定」「税率別に価格を設定」のいずれかを入力,価格設定 ※「通常」「部門打ち」「量り売り」のいずれかを入力,販売単位ID,【必須】価格 ※半角数字,価格2 ※税率別に価格を指定する場合に入力,原価 ※半角数字,商品コード ※24文字,自動発番（バーコード）※自動発番はJAN(EAN)コードで発番されます。,バーコード,ポイント付与対象 ※「対象」「対象外」のいずれかを入力,表示/非表示 ※「表示」「非表示」のいずれかを入力,レシート印字設定 ※「印字する」「印字しない」のいずれかを入力,登録番号印字設定 ※「印字する」「印字しない」のいずれかを入力,備考 ※1000文字,旧商品コード ※通常入力しません,分析タグID ※通常入力しません
,,,1,白味噌ラーメン,白味噌ラーメン,白味噌ラーメン,ノーマル,,内税,標準税率,,通常,,1080,,,,,,対象,表示,印字する,印字する,,,
,,,1,白味噌ラーメン,白味噌ラーメン,白味噌ラーメン,煮卵,,内税,標準税率,,通常,,1240,,,,,,対象,表示,印字する,印字する,,,
,,,1,白味噌ラーメン,白味噌ラーメン,白味噌ラーメン,キッズ,,内税,標準税率,,通常,,500,,,,,,対象,表示,印字する,印字する,,,
,,,1,白味噌ラーメン,白味噌ラーメン,白味噌ラーメン,かけ,,内税,標準税率,,通常,,700,,,,,,対象,表示,印字する,印字する,,,
,,,1,白味噌ラーメン,白味噌ラーメン,白味噌ラーメン,特製,,内税,標準税率,,通常,,1680,,,,,,対象,表示,印字する,印字する,,,
,,,1,赤味噌ラーメン,赤味噌ラーメン,赤味噌ラーメン,ノーマル,,内税,標準税率,,通常,,1080,,,,,,対象,表示,印字する,印字する,,,
,,,1,赤味噌ラーメン,赤味噌ラーメン,赤味噌ラーメン,煮卵,,内税,標準税率,,通常,,1240,,,,,,対象,表示,印字する,印字する,,,
,,,1,赤味噌ラーメン,赤味噌ラーメン,赤味噌ラーメン,かけ,,内税,標準税率,,通常,,750,,,,,,対象,表示,印字する,印字する,,,
,,,1,赤味噌ラーメン,赤味噌ラーメン,赤味噌ラーメン,特製,,内税,標準税率,,通常,,1810,,,,,,対象,表示,印字する,印字する,,,
,,,1,辛味噌ラーメン,辛味噌ラーメン,辛味噌ラーメン,ノーマル,,内税,標準税率,,通常,,1180,,,,,,対象,表示,印字する,印字する,,,
,,,1,辛味噌ラーメン,辛味噌ラーメン,辛味噌ラーメン,かけ,,内税,標準税率,,通常,,750,,,,,,対象,表示,印字する,印字する,,,
,,,1,辛味噌ラーメン,辛味噌ラーメン,辛味噌ラーメン,特製,,内税,標準税率,,通常,,1870,,,,,,対象,表示,印字する,印字する,,,
,,,1,TOYONO,TOYONO,TOYONO,ノーマル,,内税,標準税率,,通常,,1100,,,,,,対象,表示,印字する,印字する,,,
,,,1,TOYONO,TOYONO,TOYONO,アサリ,,内税,標準税率,,通常,,1340,,,,,,対象,表示,印字する,印字する,,,
,,,1,TOYONO,TOYONO,TOYONO,アサリバター,,内税,標準税率,,通常,,1520,,,,,,対象,表示,印字する,印字する,,,
,,,1,TOYONO,TOYONO,TOYONO,キッズ,,内税,標準税率,,通常,,500,,,,,,対象,表示,印字する,印字する,,,
,,,1,TOYONO,TOYONO,TOYONO,かけ,,内税,標準税率,,通常,,700,,,,,,対象,表示,印字する,印字する,,,
,,,1,担々麺,担々麺,担々麺,ノーマル,,内税,標準税率,,通常,,1180,,,,,,対象,表示,印字する,印字する,,,
,,,1,担々麺,担々麺,担々麺,ヴィーガン,,内税,標準税率,,通常,,1350,,,,,,対象,表示,印字する,印字する,,,
,,,1,つけ麺８号,つけ麺８号,つけ麺８号,小,,内税,標準税率,,通常,,1250,,,,,,対象,表示,印字する,印字する,,,
,,,1,つけ麺８号,つけ麺８号,つけ麺８号,中,,内税,標準税率,,通常,,1300,,,,,,対象,表示,印字する,印字する,,,
,,,1,つけ麺８号,つけ麺８号,つけ麺８号,大,,内税,標準税率,,通常,,1450,,,,,,対象,表示,印字する,印字する,,,
,,,1,つけ麺８号,つけ麺８号,つけ麺８号,特製 小,,内税,標準税率,,通常,,1840,,,,,,対象,表示,印字する,印字する,,,
,,,1,つけ麺８号,つけ麺８号,つけ麺８号,特製 中,,内税,標準税率,,通常,,1890,,,,,,対象,表示,印字する,印字する,,,
,,,1,つけ麺８号,つけ麺８号,つけ麺８号,特製 大,,内税,標準税率,,通常,,2040,,,,,,対象,表示,印字する,印字する,,,
,,,1,焦がし味噌北海道,焦がし味噌北海道,焦がし味噌北海道,ノーマル,,内税,標準税率,,通常,,1200,,,,,,対象,表示,印字する,印字する,,,
,,,1,焦がし味噌北海道,焦がし味噌北海道,焦がし味噌北海道,バター,,内税,標準税率,,通常,,1380,,,,,,対象,表示,印字する,印字する,,,
,,,1,エビ味噌　,エビ味噌　,エビ味噌　,あっさりノーマル,,内税,標準税率,,通常,,1080,,,,,,対象,表示,印字する,印字する,,,
,,,1,エビ味噌　,エビ味噌　,エビ味噌　,あっさり辛増し,,内税,標準税率,,通常,,1210,,,,,,対象,表示,印字する,印字する,,,
,,,1,エビ味噌　,エビ味噌　,エビ味噌　,あっさり煮卵,,内税,標準税率,,通常,,1230,,,,,,対象,表示,印字する,印字する,,,
,,,1,エビ味噌　,エビ味噌　,エビ味噌　,あっさり辛増し煮卵付,,内税,標準税率,,通常,,1360,,,,,,対象,表示,印字する,印字する,,,
,,,1,エビ味噌　,エビ味噌　,エビ味噌　,焦がしノーマル,,内税,標準税率,,通常,,1280,,,,,,対象,表示,印字する,印字する,,,
,,,1,エビ味噌　,エビ味噌　,エビ味噌　,焦がし辛増し,,内税,標準税率,,通常,,1410,,,,,,対象,表示,印字する,印字する,,,
,,,1,エビ味噌　,エビ味噌　,エビ味噌　,焦がし煮卵,,内税,標準税率,,通常,,1430,,,,,,対象,表示,印字する,印字する,,,
,,,1,エビ味噌　,エビ味噌　,エビ味噌　,焦がし辛増し煮卵,,内税,標準税率,,通常,,1560,,,,,,対象,表示,印字する,印字する,,,
,,,1,つけ麺6号,つけ麺6号,つけ麺6号,深夜 小,,内税,標準税率,,通常,,1530,,,,,,対象,表示,印字する,印字する,,,
,,,1,つけ麺6号,つけ麺6号,つけ麺6号,深夜 中,,内税,標準税率,,通常,,1580,,,,,,対象,表示,印字する,印字する,,,
,,,1,つけ麺6号,つけ麺6号,つけ麺6号,深夜 大,,内税,標準税率,,通常,,1730,,,,,,対象,表示,印字する,印字する,,,
,,,1,エビカリー,エビカリー,エビカリー,らーめん,,内税,標準税率,,通常,,930,,,,,,対象,表示,印字する,印字する,,,
,,,1,エビカリー,エビカリー,エビカリー,チーたまらーめん,,内税,標準税率,,通常,,1240,,,,,,対象,表示,印字する,印字する,,,
,,,1,エビカリー,エビカリー,エビカリー,肉たまチーらーめん,,内税,標準税率,,通常,,1460,,,,,,対象,表示,印字する,印字する,,,
,,,1,エビカリー,エビカリー,エビカリー,つけ麺１玉,,内税,標準税率,,通常,,1090,,,,,,対象,表示,印字する,印字する,,,
,,,1,エビカリー,エビカリー,エビカリー,つけ麺１.５玉,,内税,標準税率,,通常,,1090,,,,,,対象,表示,印字する,印字する,,,
,,,1,エビカリー,エビカリー,エビカリー,チーたまつけ麺,,内税,標準税率,,通常,,1400,,,,,,対象,表示,印字する,印字する,,,
,,,1,エビカリー,エビカリー,エビカリー,肉たまチーつけ麺,,内税,標準税率,,通常,,1620,,,,,,対象,表示,印字する,印字する,,,
,,,1,ベジ味噌,ベジ味噌,ベジ味噌,ノーマル,,内税,標準税率,,通常,,1680,,,,,,対象,表示,印字する,印字する,,,
,,,1,ベジ味噌,ベジ味噌,ベジ味噌,グルテンフリー麺,,内税,標準税率,,通常,,2100,,,,,,対象,表示,印字する,印字する,,,
,,,1,溜まり醤油油そば,溜まり醤油油そば,溜まり醤油油そば,,,内税,標準税率,,通常,,950,,,,,,対象,表示,印字する,印字する,,,
,,,1,創作,創作,創作,,,内税,標準税率,,通常,,0,,,,,,対象,表示,印字する,印字する,,,
,,,1,スタンプカードラーメン,スタンプカードラーメン,スタンプカードラーメン,,,内税,標準税率,,通常,,0,,,,,,対象,表示,印字する,印字する,,,
,,,1,酢辣サク,酢辣サク,酢辣サク,ノーマル,,内税,標準税率,,通常,,1300,,,,,,対象,表示,印字する,印字する,,,
,,,1,酢辣サク,酢辣サク,酢辣サク,辛増し,,内税,標準税率,,通常,,1450,,,,,,対象,表示,印字する,印字する,,,
,,,1,酒粕ラーメン,酒粕ラーメン,酒粕ラーメン,,,内税,標準税率,,通常,,1360,,,,,,対象,表示,印字する,印字する,,,
,,,1,和え玉,和え玉,和え玉,,,内税,標準税率,,通常,,600,,,,,,対象,表示,印字する,印字する,,,
,,,1,替え玉,替え玉,替え玉,,,内税,標準税率,,通常,,350,,,,,,対象,表示,印字する,印字する,,,
,,,1,赤白ブレンド,赤白ブレンド,赤白ブレンド,,,内税,標準税率,,通常,,1250,,,,,,対象,表示,印字する,印字する,,,
,,,1,焦がし白味噌,焦がし白味噌,焦がし白味噌,ノーマル,,内税,標準税率,,通常,,1280,,,,,,対象,表示,印字する,印字する,,,
,,,1,焦がし白味噌,焦がし白味噌,焦がし白味噌,煮卵,,内税,標準税率,,通常,,1440,,,,,,対象,表示,印字する,印字する,,,
,,,6,ご飯,ご飯,ご飯,小,,内税,標準税率,,通常,,140,,,,,,対象,表示,印字する,印字する,,,
,,,6,ご飯,ご飯,ご飯,中,,内税,標準税率,,通常,,250,,,,,,対象,表示,印字する,印字する,,,
,,,6,ご飯,ご飯,ご飯,大,,内税,標準税率,,通常,,380,,,,,,対象,表示,印字する,印字する,,,
,,,6,ご飯,ご飯,ご飯,学割,,内税,標準税率,,通常,,50,,,,,,対象,表示,印字する,印字する,,,
,,,6,肉味噌ご飯,肉味噌ご飯,肉味噌ご飯,小,,内税,標準税率,,通常,,330,,,,,,対象,表示,印字する,印字する,,,
,,,6,肉味噌ご飯,肉味噌ご飯,肉味噌ご飯,中,,内税,標準税率,,通常,,510,,,,,,対象,表示,印字する,印字する,,,
,,,6,肉味噌ご飯,肉味噌ご飯,肉味噌ご飯,大,,内税,標準税率,,通常,,720,,,,,,対象,表示,印字する,印字する,,,
,,,6,シメご飯,シメご飯,シメご飯,ノーマル,,内税,標準税率,,通常,,240,,,,,,対象,表示,印字する,印字する,,,
,,,6,シメご飯,シメご飯,シメご飯,チーズ,,内税,標準税率,,通常,,370,,,,,,対象,表示,印字する,印字する,,,
,,,6,TKG,TKG,TKG,,,内税,標準税率,,通常,,330,,,,,,対象,表示,印字する,印字する,,,
,,,7,ポテサラ,ポテサラ,ポテサラ,,,内税,標準税率,,通常,,590,,,,,,対象,表示,印字する,印字する,,,
,,,7,おまかせ盛り合わせ,おまかせ盛り合わせ,おまかせ盛り合わせ,,,内税,標準税率,,通常,,1600,,,,,,対象,表示,印字する,印字する,,,
,,,7,季節の野菜盛合せ,季節の野菜盛合せ,季節の野菜盛合せ,,,内税,標準税率,,通常,,880,,,,,,対象,表示,印字する,印字する,,,
,,,7,ポテトフライ,ポテトフライ,ポテトフライ,,,内税,標準税率,,通常,,540,,,,,,対象,表示,印字する,印字する,,,
,,,7,シン発酵唐揚げ,シン発酵唐揚げ,シン発酵唐揚げ,,,内税,標準税率,,通常,,680,,,,,,対象,表示,印字する,印字する,,,
,,,7,和牛すじ煮込み,和牛すじ煮込み,和牛すじ煮込み,,,内税,標準税率,,通常,,680,,,,,,対象,表示,印字する,印字する,,,
,,,7,お漬物盛り合わせ,お漬物盛り合わせ,お漬物盛り合わせ,,,内税,標準税率,,通常,,480,,,,,,対象,表示,印字する,印字する,,,
,,,7,パテ・ド・クルチェット,パテ・ド・クルチェット,パテ・ド・クルチェット,,,内税,標準税率,,通常,,1200,,,,,,対象,表示,印字する,印字する,,,
,,,7,カルパッチョ,カルパッチョ,カルパッチョ,1人前,,内税,標準税率,,通常,,580,,,,,,対象,表示,印字する,印字する,,,
,,,7,カルパッチョ,カルパッチョ,カルパッチョ,2~3人前,,内税,標準税率,,通常,,1100,,,,,,対象,表示,印字する,印字する,,,
,,,7,おでん,おでん,おでん,3種,,内税,標準税率,,通常,,540,,,,,,対象,表示,印字する,印字する,,,
,,,7,おでん,おでん,おでん,7種,,内税,標準税率,,通常,,1050,,,,,,対象,表示,印字する,印字する,,,
,,,7,ちょい飲み酔いどれ,ちょい飲み酔いどれ,ちょい飲み酔いどれ,ちょい飲み,,内税,標準税率,,通常,,1360,,,,,,対象,表示,印字する,印字する,,,
,,,7,ちょい飲み酔いどれ,ちょい飲み酔いどれ,ちょい飲み酔いどれ,酔いどれ,,内税,標準税率,,通常,,2880,,,,,,対象,表示,印字する,印字する,,,
,,,7,昼のみセット,昼のみセット,昼のみセット,,,内税,標準税率,,通常,,1360,,,,,,対象,表示,印字する,印字する,,,
,,,7,小鉢,小鉢,小鉢,1種,,内税,標準税率,,通常,,220,,,,,,対象,表示,印字する,印字する,,,
,,,7,小鉢,小鉢,小鉢,2種,,内税,標準税率,,通常,,440,,,,,,対象,表示,印字する,印字する,,,
,,,7,本日の一品,本日の一品,本日の一品,発酵春巻き,,内税,標準税率,,通常,,400,,,,,,対象,表示,印字する,印字する,,,
,,,7,本日の一品,本日の一品,本日の一品,塩麹ローストポーク,,内税,標準税率,,通常,,780,,,,,,対象,表示,印字する,印字する,,,
,,,7,本日の一品,本日の一品,本日の一品,アジフライのぬか漬けタルタル,,内税,標準税率,,通常,,580,,,,,,対象,表示,印字する,印字する,,,
,,,7,本日の一品,本日の一品,本日の一品,甘エビの唐揚げ,,内税,標準税率,,通常,,680,,,,,,対象,表示,印字する,印字する,,,
,,,7,本日の一品,本日の一品,本日の一品,しゅうまい,,内税,標準税率,,通常,,680,,,,,,対象,表示,印字する,印字する,,,
,,,7,本日の一品,本日の一品,本日の一品,かぶとりんごの塩麹ヨーグルトサラダ,,内税,標準税率,,通常,,480,,,,,,対象,表示,印字する,印字する,,,
,,,7,本日の一品,本日の一品,本日の一品,蒸し鶏のぬか漬けタルタル,,内税,標準税率,,通常,,580,,,,,,対象,表示,印字する,印字する,,,
,,,7,本日の一品,本日の一品,本日の一品,きゅうりのピリ辛味噌ディップ,,内税,標準税率,,通常,,430,,,,,,対象,表示,印字する,印字する,,,
,,,8,煮卵,煮卵,煮卵,,,内税,標準税率,,通常,,180,,,,,,対象,表示,印字する,印字する,,,
,,,8,ネギ増し,ネギ増し,ネギ増し,,,内税,標準税率,,通常,,190,,,,,,対象,表示,印字する,印字する,,,
,,,8,チーズ,チーズ,チーズ,,,内税,標準税率,,通常,,290,,,,,,対象,表示,印字する,印字する,,,
,,,8,肉味噌,肉味噌,肉味噌,,,内税,標準税率,,通常,,270,,,,,,対象,表示,印字する,印字する,,,
,,,8,肉増し,肉増し,肉増し,,,内税,標準税率,,通常,,440,,,,,,対象,表示,印字する,印字する,,,
,,,8,バター,バター,バター,,,内税,標準税率,,通常,,200,,,,,,対象,表示,印字する,印字する,,,
,,,8,生玉子,生玉子,生玉子,,,内税,標準税率,,通常,,80,,,,,,対象,表示,印字する,印字する,,,
,,,8,海苔,海苔,海苔,,,内税,標準税率,,通常,,280,,,,,,対象,表示,印字する,印字する,,,
,,,8,グルテンフリー麺,グルテンフリー麺,グルテンフリー麺,,,内税,標準税率,,通常,,420,,,,,,対象,表示,印字する,印字する,,,
,,,8,油そばトッピング,油そばトッピング,油そばトッピング,,,内税,標準税率,,通常,,50,,,,,,対象,表示,印字する,印字する,,,
,,,8,トッピング4種,トッピング4種,トッピング4種,,,内税,標準税率,,通常,,850,,,,,,対象,表示,印字する,印字する,,,
,,,8,ミニアイス,ミニアイス,ミニアイス,,,内税,標準税率,,通常,,110,,,,,,対象,表示,印字する,印字する,,,
,,,8,ソイミルク,ソイミルク,ソイミルク,,,内税,標準税率,,通常,,100,,,,,,対象,表示,印字する,印字する,,,
,,,8,辛増し,辛増し,辛増し,2~5辛,,内税,標準税率,,通常,,100,,,,,,対象,表示,印字する,印字する,,,
,,,8,辛増し,辛増し,辛増し,6~10辛,,内税,標準税率,,通常,,200,,,,,,対象,表示,印字する,印字する,,,
,,,8,辛増し,辛増し,辛増し,ランチ辛増し,,内税,標準税率,,通常,,130,,,,,,対象,表示,印字する,印字する,,,
,,,2,箕面ビールドラフト,箕面ビールドラフト,箕面ビールドラフト,定番M,,内税,標準税率,,通常,,780,,,,,,対象,表示,印字する,印字する,,,
,,,2,箕面ビールドラフト,箕面ビールドラフト,箕面ビールドラフト,定番L,,内税,標準税率,,通常,,1180,,,,,,対象,表示,印字する,印字する,,,
,,,2,箕面ビールドラフト,箕面ビールドラフト,箕面ビールドラフト,限定M,,内税,標準税率,,通常,,880,,,,,,対象,表示,印字する,印字する,,,
,,,2,箕面ビールドラフト,箕面ビールドラフト,箕面ビールドラフト,限定L,,内税,標準税率,,通常,,1330,,,,,,対象,表示,印字する,印字する,,,
,,,2,箕面ビールボトル,箕面ビールボトル,箕面ビールボトル,定番,,内税,標準税率,,通常,,850,,,,,,対象,表示,印字する,印字する,,,
,,,2,箕面ビールボトル,箕面ビールボトル,箕面ビールボトル,限定,,内税,標準税率,,通常,,950,,,,,,対象,表示,印字する,印字する,,,
,,,2,箕面ビールボトル,箕面ビールボトル,箕面ビールボトル,W-IPA,,内税,標準税率,,通常,,1100,,,,,,対象,表示,印字する,印字する,,,
,,,2,オリぜドラフト,オリぜドラフト,オリぜドラフト,樽生M,,内税,標準税率,,通常,,1080,,,,,,対象,表示,印字する,印字する,,,
,,,2,オリぜドラフト,オリぜドラフト,オリぜドラフト,樽生L,,内税,標準税率,,通常,,1870,,,,,,対象,表示,印字する,印字する,,,
,,,2,ハッピーアワー,ハッピーアワー,ハッピーアワー,ビール,,内税,標準税率,,通常,,660,,,,,,対象,表示,印字する,印字する,,,
,,,2,ハッピーアワー,ハッピーアワー,ハッピーアワー,秋鹿,,内税,標準税率,,通常,,660,,,,,,対象,表示,印字する,印字する,,,
,,,2,ハッピーアワー,ハッピーアワー,ハッピーアワー,秋鹿ハイボール,,内税,標準税率,,通常,,660,,,,,,対象,表示,印字する,印字する,,,
,,,2,ハッピーアワー,ハッピーアワー,ハッピーアワー,ワイン,,内税,標準税率,,通常,,660,,,,,,対象,表示,印字する,印字する,,,
,,,2,ちょい飲みおかわり,ちょい飲みおかわり,ちょい飲みおかわり,ビール,,内税,標準税率,,通常,,660,,,,,,対象,表示,印字する,印字する,,,
,,,2,ちょい飲みおかわり,ちょい飲みおかわり,ちょい飲みおかわり,秋鹿,,内税,標準税率,,通常,,660,,,,,,対象,表示,印字する,印字する,,,
,,,2,ちょい飲みおかわり,ちょい飲みおかわり,ちょい飲みおかわり,秋鹿ハイボール,,内税,標準税率,,通常,,660,,,,,,対象,表示,印字する,印字する,,,
,,,2,ちょい飲みおかわり,ちょい飲みおかわり,ちょい飲みおかわり,ワイン,,内税,標準税率,,通常,,660,,,,,,対象,表示,印字する,印字する,,,
,,,2,オリぜボトル,オリぜボトル,オリぜボトル,,,内税,標準税率,,通常,,1180,,,,,,対象,表示,印字する,印字する,,,
,,,3,秋鹿,秋鹿,秋鹿,純米各種1合,,内税,標準税率,,通常,,980,,,,,,対象,表示,印字する,印字する,,,
,,,3,秋鹿,秋鹿,秋鹿,純米大吟醸1合,,内税,標準税率,,通常,,1720,,,,,,対象,表示,印字する,印字する,,,
,,,3,秋鹿,秋鹿,秋鹿,熟成酒・限定酒1合,,内税,標準税率,,通常,,1220,,,,,,対象,表示,印字する,印字する,,,
,,,3,秋鹿,秋鹿,秋鹿,純米各種2合,,内税,標準税率,,通常,,1960,,,,,,対象,表示,印字する,印字する,,,
,,,3,秋鹿,秋鹿,秋鹿,純米大吟醸2合,,内税,標準税率,,通常,,3440,,,,,,対象,表示,印字する,印字する,,,
,,,3,秋鹿,秋鹿,秋鹿,熟成酒・限定酒2合,,内税,標準税率,,通常,,2440,,,,,,対象,表示,印字する,印字する,,,
,,,3,秋鹿飲み比べ,秋鹿飲み比べ,秋鹿飲み比べ,30mL,,内税,標準税率,,通常,,1000,,,,,,対象,表示,印字する,印字する,,,
,,,3,秋鹿飲み比べ,秋鹿飲み比べ,秋鹿飲み比べ,60mL,,内税,標準税率,,通常,,1680,,,,,,対象,表示,印字する,印字する,,,
,,,3,ハイボール,ハイボール,ハイボール,秋鹿ハイボール,,内税,標準税率,,通常,,750,,,,,,対象,表示,印字する,印字する,,,
,,,3,ハイボール,ハイボール,ハイボール,シロップハイボール,,内税,標準税率,,通常,,850,,,,,,対象,表示,印字する,印字する,,,
,,,3,ハイボール,ハイボール,ハイボール,レモンハイボール,,内税,標準税率,,通常,,850,,,,,,対象,表示,印字する,印字する,,,
,,,3,りんごカクテル,りんごカクテル,りんごカクテル,,,内税,標準税率,,通常,,850,,,,,,対象,表示,印字する,印字する,,,
,,,3,りんごと熱燗,りんごと熱燗,りんごと熱燗,,,内税,標準税率,,通常,,850,,,,,,対象,表示,印字する,印字する,,,
,,,4,一升瓶ワイン,一升瓶ワイン,一升瓶ワイン,赤,,内税,標準税率,,通常,,750,,,,,,対象,表示,印字する,印字する,,,
,,,4,一升瓶ワイン,一升瓶ワイン,一升瓶ワイン,白,,内税,標準税率,,通常,,750,,,,,,対象,表示,印字する,印字する,,,
,,,4,ボトルワイン,ボトルワイン,ボトルワイン,醸し甲州,,内税,標準税率,,通常,,4980,,,,,,対象,表示,印字する,印字する,,,
,,,4,ボトルワイン,ボトルワイン,ボトルワイン,若生果樹園,,内税,標準税率,,通常,,4800,,,,,,対象,表示,印字する,印字する,,,
,,,4,ボトルワイン,ボトルワイン,ボトルワイン,甲州百(赤),,内税,標準税率,,通常,,3700,,,,,,対象,表示,印字する,印字する,,,
,,,4,ボトルワイン,ボトルワイン,ボトルワイン,甲州百(白),,内税,標準税率,,通常,,3700,,,,,,対象,表示,印字する,印字する,,,
,,,5,ジンジャーエール,ジンジャーエール,ジンジャーエール,,,内税,標準税率,,通常,,580,,,,,,対象,表示,印字する,印字する,,,
,,,5,とよのサイダー,とよのサイダー,とよのサイダー,,,内税,標準税率,,通常,,610,,,,,,対象,表示,印字する,印字する,,,
,,,5,ミネラルソーダ,ミネラルソーダ,ミネラルソーダ,,,内税,標準税率,,通常,,480,,,,,,対象,表示,印字する,印字する,,,
,,,5,りんごジュース,りんごジュース,りんごジュース,,,内税,標準税率,,通常,,680,,,,,,対象,表示,印字する,印字する,,,
,,,5,自家製シロップソーダ,自家製シロップソーダ,自家製シロップソーダ,,,内税,標準税率,,通常,,580,,,,,,対象,表示,印字する,印字する,,,
,,,5,烏龍茶,烏龍茶,烏龍茶,,,内税,標準税率,,通常,,480,,,,,,対象,表示,印字する,印字する,,,
,,,5,自家焙煎珈琲,自家焙煎珈琲,自家焙煎珈琲,単品,,内税,標準税率,,通常,,580,,,,,,対象,表示,印字する,印字する,,,
,,,5,自家焙煎珈琲,自家焙煎珈琲,自家焙煎珈琲,食事とセット,,内税,標準税率,,通常,,500,,,,,,対象,表示,印字する,印字する,,,
,,,12,アイスクリン,アイスクリン,アイスクリン,,,内税,標準税率,,通常,,330,,,,,,対象,表示,印字する,印字する,,,
,,,12,本日のアイス,本日のアイス,本日のアイス,,,内税,標準税率,,通常,,440,,,,,,対象,表示,印字する,印字する,,,
,,,12,チーズケーキ,チーズケーキ,チーズケーキ,,,内税,標準税率,,通常,,580,,,,,,対象,表示,印字する,印字する,,,
,,,12,チーズケーキ　珈琲セット,チーズケーキ　珈琲セット,チーズケーキ　珈琲セット,食事なし,,内税,標準税率,,通常,,1100,,,,,,対象,表示,印字する,印字する,,,
,,,12,チーズケーキ　珈琲セット,チーズケーキ　珈琲セット,チーズケーキ　珈琲セット,食事とセット,,内税,標準税率,,通常,,990,,,,,,対象,表示,印字する,印字する,,,
,,,10,昼セット,昼セット,昼セット,A 小鉢とご飯,,内税,標準税率,,通常,,650,,,,,,対象,表示,印字する,印字する,,,
,,,10,昼セット,昼セット,昼セット,B シン唐揚げとご飯,,内税,標準税率,,通常,,700,,,,,,対象,表示,印字する,印字する,,,
,,,10,昼セット,昼セット,昼セット,C 小鉢2種,,内税,標準税率,,通常,,440,,,,,,対象,表示,印字する,印字する,,,
,,,10,昼セット,昼セット,昼セット,D シン唐揚げ,,内税,標準税率,,通常,,580,,,,,,対象,表示,印字する,印字する,,,
,,,10,昼セット,昼セット,昼セット,E 肉味噌ご飯,,内税,標準税率,,通常,,500,,,,,,対象,表示,印字する,印字する,,,
,,,10,昼セット,昼セット,昼セット,F ごはん,,内税,標準税率,,通常,,330,,,,,,対象,表示,印字する,印字する,,,
,,,10,夜セット,夜セット,夜セット,A 小鉢とご飯,,内税,標準税率,,通常,,650,,,,,,対象,表示,印字する,印字する,,,
,,,10,夜セット,夜セット,夜セット,B シン唐揚げとご飯,,内税,標準税率,,通常,,650,,,,,,対象,表示,印字する,印字する,,,
,,,10,夜セット,夜セット,夜セット,C 小鉢2種,,内税,標準税率,,通常,,440,,,,,,対象,表示,印字する,印字する,,,
,,,10,夜セット,夜セット,夜セット,D シン唐揚げ,,内税,標準税率,,通常,,580,,,,,,対象,表示,印字する,印字する,,,
,,,10,夜セット,夜セット,夜セット,E 肉味噌ご飯,,内税,標準税率,,通常,,500,,,,,,対象,表示,印字する,印字する,,,
,,,,ランチキッズ,ランチキッズ,ランチキッズ,お子様プレート,,内税,標準税率,,通常,,800,,,,,,対象,表示,印字する,印字する,,,
,,,,ランチキッズ,ランチキッズ,ランチキッズ,お子様白味噌らーめん,,内税,標準税率,,通常,,500,,,,,,対象,表示,印字する,印字する,,,
,,,,ランチキッズ,ランチキッズ,ランチキッズ,お子様ご飯,,内税,標準税率,,通常,,330,,,,,,対象,表示,印字する,印字する,,,
,,,,発行御前,発行御前,発行御前,小鉢３種,,内税,標準税率,,通常,,1920,,,,,,対象,表示,印字する,印字する,,,
,,,,発行御前,発行御前,発行御前,小鉢５種,,内税,標準税率,,通常,,2220,,,,,,対象,表示,印字する,印字する,,,
,,,,発行御前,発行御前,発行御前,小鉢３種 アルコール,,内税,標準税率,,通常,,2420,,,,,,対象,表示,印字する,印字する,,,
,,,,発行御前,発行御前,発行御前,小鉢５種 アルコール,,内税,標準税率,,通常,,2720,,,,,,対象,表示,印字する,印字する,,,
,,,,唐揚げ定食,唐揚げ定食,唐揚げ定食,,,内税,標準税率,,通常,,1380,,,,,,対象,表示,印字する,印字する,,,
,,,14,コース,コース,コース,一品,,内税,標準税率,,通常,,3800,,,,,,対象,表示,印字する,印字する,,,
,,,14,コース,コース,コース,鍋,,内税,標準税率,,通常,,3800,,,,,,対象,表示,印字する,印字する,,,
,,,15,味噌ワークショップ,味噌ワークショップ,味噌ワークショップ,,,内税,標準税率,,通常,,0,,,,,,対象,表示,印字する,印字する,,,
,,,13,STOUTトレーナー,STOUTトレーナー,STOUTトレーナー,,,内税,標準税率,,通常,,5300,,,,,,対象,表示,印字する,印字する,,,
,,,13,ラー油,ラー油,ラー油,,,内税,標準税率,,通常,,580,,,,,,対象,表示,印字する,印字する,,,
,,,13,ステッカー,ステッカー,ステッカー,,,内税,標準税率,,通常,,200,,,,,,対象,表示,印字する,印字する,,,
,,,13,酒母粕,酒母粕,酒母粕,,,内税,標準税率,,通常,,550,,,,,,対象,表示,印字する,印字する,,,
,,,13,かりんとう,かりんとう,かりんとう,,,内税,標準税率,,通常,,400,,,,,,対象,表示,印字する,印字する,,,
,,,13,スタッフかりんとう,スタッフかりんとう,スタッフかりんとう,,,内税,標準税率,,通常,,300,,,,,,対象,表示,印字する,印字する,,,
,,,13,秋鹿トレーナー,秋鹿トレーナー,秋鹿トレーナー,,,内税,標準税率,,通常,,6200,,,,,,対象,表示,印字する,印字する,,,
,,,13,らーめん鉢,らーめん鉢,らーめん鉢,,,内税,標準税率,,通常,,4400,,,,,,対象,表示,印字する,印字する,,,
,,,13,チャーシュー300g（持帰）,チャーシュー300g（持帰）,チャーシュー300g（持帰）,,,内税,標準税率,,通常,,1380,,,,,,対象,表示,印字する,印字する,,,
,,,13,パテ,パテ,パテ,,,内税,標準税率,,通常,,1180,,,,,,対象,表示,印字する,印字する,,,
,,,13,敷島アクセサリー,敷島アクセサリー,敷島アクセサリー,,,内税,標準税率,,通常,,3080,,,,,,対象,表示,印字する,印字する,,,
,,,13,酒粕,酒粕,酒粕,,,内税,標準税率,,通常,,550,,,,,,対象,表示,印字する,印字する,,,
,,,13,みりん粕,みりん粕,みりん粕,,,内税,標準税率,,通常,,750,,,,,,対象,表示,印字する,印字する,,,
,,,13,ワッペン,ワッペン,ワッペン,,,内税,標準税率,,通常,,500,,,,,,対象,表示,印字する,印字する,,,
,,,13,ピンバッジ,ピンバッジ,ピンバッジ,,,内税,標準税率,,通常,,350,,,,,,対象,表示,印字する,印字する,,,
,,,13,東海ガイドブック,東海ガイドブック,東海ガイドブック,,,内税,標準税率,,通常,,1650,,,,,,対象,表示,印字する,印字する,,,
,,,13,みつかパーカー,みつかパーカー,みつかパーカー,ライオン(S),,内税,標準税率,,通常,,3800,,,,,,対象,表示,印字する,印字する,,,
,,,13,みつかパーカー,みつかパーカー,みつかパーカー,ライオン(M),,内税,標準税率,,通常,,3800,,,,,,対象,表示,印字する,印字する,,,
,,,13,みつかパーカー,みつかパーカー,みつかパーカー,ライオン(L),,内税,標準税率,,通常,,3800,,,,,,対象,表示,印字する,印字する,,,
,,,13,みつかパーカー,みつかパーカー,みつかパーカー,ライオン(XL),,内税,標準税率,,通常,,3800,,,,,,対象,表示,印字する,印字する,,,
,,,13,マスキングテープ,マスキングテープ,マスキングテープ,1個,,内税,標準税率,,通常,,200,,,,,,対象,表示,印字する,印字する,,,
,,,13,マスキングテープ,マスキングテープ,マスキングテープ,2個,,内税,標準税率,,通常,,300,,,,,,対象,表示,印字する,印字する,,,
,,,13,みつかヌードル,みつかヌードル,みつかヌードル,白味噌(麺と味噌),,内税,標準税率,,通常,,500,,,,,,対象,表示,印字する,印字する,,,
,,,13,みつかヌードル,みつかヌードル,みつかヌードル,赤味噌(麺と味噌),,内税,標準税率,,通常,,500,,,,,,対象,表示,印字する,印字する,,,
,,,13,みつかヌードル,みつかヌードル,みつかヌードル,辛味噌(麺と味噌),,内税,標準税率,,通常,,500,,,,,,対象,表示,印字する,印字する,,,
,,,13,ぬか床,ぬか床,ぬか床,900g,,内税,標準税率,,通常,,990,,,,,,対象,表示,印字する,印字する,,,
,,,13,ぬか床,ぬか床,ぬか床,200g,,内税,標準税率,,通常,,280,,,,,,対象,表示,印字する,印字する,,,
,,,13,生麺,生麺,生麺,細麺,,内税,標準税率,,通常,,220,,,,,,対象,表示,印字する,印字する,,,
,,,13,生麺,生麺,生麺,太麺,,内税,標準税率,,通常,,220,,,,,,対象,表示,印字する,印字する,,,
,,,13,生麺,生麺,生麺,ウドンド麺,,内税,標準税率,,通常,,220,,,,,,対象,表示,印字する,印字する,,,
,,,13,生麺,生麺,生麺,平打ち,,内税,標準税率,,通常,,280,,,,,,対象,表示,印字する,印字する,,,
,,,13,かあちゃん味噌,かあちゃん味噌,かあちゃん味噌,150g,,内税,標準税率,,通常,,220,,,,,,対象,表示,印字する,印字する,,,
,,,13,かあちゃん味噌,かあちゃん味噌,かあちゃん味噌,500g,,内税,標準税率,,通常,,680,,,,,,対象,表示,印字する,印字する,,,
,,,13,宝山味噌,宝山味噌,宝山味噌,150g,,内税,標準税率,,通常,,250,,,,,,対象,表示,印字する,印字する,,,
,,,13,宝山味噌,宝山味噌,宝山味噌,500g,,内税,標準税率,,通常,,750,,,,,,対象,表示,印字する,印字する,,,
,,,13,関東屋味噌,関東屋味噌,関東屋味噌,150g,,内税,標準税率,,通常,,250,,,,,,対象,表示,印字する,印字する,,,
,,,13,関東屋味噌,関東屋味噌,関東屋味噌,500g,,内税,標準税率,,通常,,780,,,,,,対象,表示,印字する,印字する,,,
,,,13,やまご味噌,やまご味噌,やまご味噌,150g,,内税,標準税率,,通常,,220,,,,,,対象,表示,印字する,印字する,,,
,,,13,やまご味噌,やまご味噌,やまご味噌,500g,,内税,標準税率,,通常,,680,,,,,,対象,表示,印字する,印字する,,,
,,,13,石野味噌,石野味噌,石野味噌,150g,,内税,標準税率,,通常,,280,,,,,,対象,表示,印字する,印字する,,,
,,,13,石野味噌,石野味噌,石野味噌,500g,,内税,標準税率,,通常,,880,,,,,,対象,表示,印字する,印字する,,,
,,,13,おさるグラス,おさるグラス,おさるグラス,ハーフ,,内税,標準税率,,通常,,800,,,,,,対象,表示,印字する,印字する,,,
,,,13,おさるグラス,おさるグラス,おさるグラス,パイント,,内税,標準税率,,通常,,850,,,,,,対象,表示,印字する,印字する,,,
,,,13,秋鹿グッズ,秋鹿グッズ,秋鹿グッズ,とっくり180,,内税,標準税率,,通常,,830,,,,,,対象,表示,印字する,印字する,,,
,,,13,秋鹿グッズ,秋鹿グッズ,秋鹿グッズ,とっくり300,,内税,標準税率,,通常,,1100,,,,,,対象,表示,印字する,印字する,,,
,,,13,秋鹿グッズ,秋鹿グッズ,秋鹿グッズ,お猪口,,内税,標準税率,,通常,,300,,,,,,対象,表示,印字する,印字する,,,
,,,13,秋鹿グッズ,秋鹿グッズ,秋鹿グッズ,桝,,内税,標準税率,,通常,,500,,,,,,対象,表示,印字する,印字する,,,
,,,13,みつか麹,みつか麹,みつか麹,塩麹,,内税,標準税率,,通常,,600,,,,,,対象,表示,印字する,印字する,,,
,,,13,みつか麹,みつか麹,みつか麹,醤油麹,,内税,標準税率,,通常,,700,,,,,,対象,表示,印字する,印字する,,,
,,,13,みつか麹,みつか麹,みつか麹,玉ねぎ麹,,内税,標準税率,,通常,,800,,,,,,対象,表示,印字する,印字する,,,
,,,13,みつか麹,みつか麹,みつか麹,柚子胡椒麹,,内税,標準税率,,通常,,580,,,,,,対象,表示,印字する,印字する,,,
,,,13,みつか麹,みつか麹,みつか麹,中華麹,,内税,標準税率,,通常,,800,,,,,,対象,表示,印字する,印字する,,,
,,,13,米麹,米麹,米麹,米麹　500g,,内税,標準税率,,通常,,750,,,,,,対象,表示,印字する,印字する,,,
,,,13,米麹,米麹,米麹,米麹　1kg,,内税,標準税率,,通常,,1450,,,,,,対象,表示,印字する,印字する,,,
,,,13,飲みにいきたい,飲みにいきたい,飲みにいきたい,サコッシュ,,内税,標準税率,,通常,,900,,,,,,対象,表示,印字する,印字する,,,
,,,13,飲みにいきたい,飲みにいきたい,飲みにいきたい,ピンバッチ,,内税,標準税率,,通常,,150,,,,,,対象,表示,印字する,印字する,,,
,,,13,木桶アクセサリー,木桶アクセサリー,木桶アクセサリー,660円,,内税,標準税率,,通常,,660,,,,,,対象,表示,印字する,印字する,,,
,,,13,木桶アクセサリー,木桶アクセサリー,木桶アクセサリー,1870円,,内税,標準税率,,通常,,1870,,,,,,対象,表示,印字する,印字する,,,
,,,13,木桶アクセサリー,木桶アクセサリー,木桶アクセサリー,2650円,,内税,標準税率,,通常,,2650,,,,,,対象,表示,印字する,印字する,,,
,,,13,木桶アクセサリー,木桶アクセサリー,木桶アクセサリー,3850円,,内税,標準税率,,通常,,3850,,,,,,対象,表示,印字する,印字する,,,
,,,13,玄米麺,玄米麺,玄米麺,ノーマル,,内税,標準税率,,通常,,420,,,,,,対象,表示,印字する,印字する,,,
,,,13,玄米麺,玄米麺,玄米麺,グルテンフリー麺変更時,,内税,標準税率,,通常,,220,,,,,,対象,表示,印字する,印字する,,,
,,,13,みつかグラス,みつかグラス,みつかグラス,ハーフサイズ,,内税,標準税率,,通常,,2000,,,,,,対象,表示,印字する,印字する,,,
,,,13,みつかグラス,みつかグラス,みつかグラス,パイントサイズ,,内税,標準税率,,通常,,2500,,,,,,対象,表示,印字する,印字する,,,
,,,13,とよのサイダー(物販),とよのサイダー(物販),とよのサイダー(物販),,,内税,標準税率,,通常,,430,,,,,,対象,表示,印字する,印字する,,,
,,,13,りんごジュース(物販),りんごジュース(物販),りんごジュース(物販),180mL,,内税,標準税率,,通常,,550,,,,,,対象,表示,印字する,印字する,,,
,,,13,りんごジュース(物販),りんごジュース(物販),りんごジュース(物販),1L,,内税,標準税率,,通常,,1370,,,,,,対象,表示,印字する,印字する,,,